postal_code,lat,lon
018916,1.27977737342079,103.851513251763
018953,1.28387301464472,103.865993692974
018989,1.28239072896317,103.852501086788
038983,1.29485990186642,103.860333693777
048545,1.28214167321935,103.850754841091
049513,1.28504650852703,103.849079166892
058282,1.2892925052942,103.844167619098
058416,1.28897209658289,103.848459830887
080108,1.27394227707874,103.835659286991
082001,1.27568847511494,103.842433449984
090113,1.27477013494182,103.826932277494
098803,1.27769636861028,103.816909718785
098917,1.27580647025274,103.819844388996
100092,1.27621463534143,103.807644658523
100108,1.28084469467756,103.810292618353
117488,1.27871081603146,103.788327649564
119082,1.29351287719231,103.784685581372
119759,1.28004608887578,103.788964885893
120330,1.31374471195404,103.767781828711
120463,1.31096580515636,103.767863406037
120509,1.31115776641946,103.761017540932
120801,1.29971617660023,103.763834786591
123311,1.32010579446331,103.765573473984
127375,1.30868319813079,103.761410138704
127473,1.31574767479155,103.753587995926
138565,1.29379198840514,103.793103084317
138664,1.30380338823957,103.790048011544
139658,1.30964603329964,103.774586761471
142030,1.29844263703974,103.804187173847
142057,1.29270339855062,103.810958956467
148952,1.29813057936034,103.80095202592
149382,1.29933286640747,103.807166049854
158736,1.29012765494819,103.816552347869
159016,1.2912990413487,103.823940802388
159053,1.28681192285996,103.815072600966
159563,1.28536326844195,103.819699003494
160137,1.27814726027803,103.826958969986
161079,1.29107462632332,103.828690179257
179097,1.29109531029255,103.849924781238
188553,1.29755506526153,103.852228303832
190462,1.30458618988007,103.860840751642
210010,1.31388788181031,103.852226892124
228481,1.30178268606854,103.847150912242
237994,1.29317220444774,103.832095275633
239128,1.29778849920286,103.83916468554
239850,1.29825648344236,103.838031480508
248279,1.29629183814515,103.830630273709
249196,1.29544468154035,103.828018556953
249537,1.30439518808402,103.812252696384
259101,1.31413877201261,103.824251708848
267214,1.3241220949637,103.796877267755
267551,1.32694822773844,103.794576037894
269460,1.32111549760195,103.806468066323
272018,1.31105861060205,103.791886571185
277375,1.31801879040484,103.787005962926
278685,1.33216946765984,103.790714522481
287773,1.331436962548,103.798326696038
289627,1.33085621525464,103.799435789788
298136,1.3337060526547,103.839543204628
298137,1.33350669538099,103.839776129849
307995,1.31410015547472,103.840838756221
309458,1.3153020324567,103.845605899704
309763,1.31763329946712,103.839896397053
310006,1.33858279721249,103.85719237771
310192,1.33166814812852,103.850487239503
310219,1.3427643319014,103.855872559307
310247,1.33106276500964,103.855267007861
310248,1.33136728355653,103.855870267869
310259,1.33389588710225,103.857558824931
310267,1.33169355658924,103.859028415515
310269,1.33288083752973,103.859277935499
310530,1.33216810552095,103.847086433041
319001,1.34313731285966,103.85139383899
319579,1.33739437057829,103.848544395764
319642,1.33532588681913,103.844958649497
320014,1.32372959519736,103.862088437214
322106,1.32102001237887,103.860997837489
328182,1.32388726630046,103.864269825541
329857,1.32716874474253,103.845518560598
330004,1.31569896370315,103.859785170022
339407,1.31214603858449,103.862899385785
339945,1.31958416875401,103.865942986886
339948,1.32220848530291,103.865351336085
348469,1.32865622154442,103.870310687487
348471,1.32792904623697,103.870299247497
350113,1.3360559389925,103.863599515444
350143,1.33290761070926,103.866168849371
358421,1.34476549033154,103.861966895916
358666,1.34722799583413,103.863161549892
360221,1.34172888603572,103.880577622977
360227,1.34024749735901,103.876330655485
370017,1.32982009942647,103.888575094609
370054,1.32385645591054,103.887585356152
380111,1.3203712699315,103.884029086935
387907,1.31591207493337,103.890016328182
388375,1.31522654293735,103.881447061138
388384,1.31596030967384,103.881457337554
397698,1.30138935190771,103.873463679897
398008,1.30856907438559,103.879015552038
400357,1.32897223349074,103.898782658385
408555,1.33165249966586,103.897018752154
408601,1.31945233598262,103.892134990552
416923,1.32147757536992,103.909863907893
419006,1.32303429769631,103.915442440409
423731,1.30650535851357,103.905328960052
423797,1.31542666810107,103.909938273606
428751,1.30394669999181,103.902825585763
428918,1.30760256463236,103.907078176022
429064,1.30976053994175,103.913935302898
437157,1.31474238838871,103.8945518516
438052,1.29847423168796,103.889075418723
439476,1.29979211214306,103.890672255582
439659,1.30236020335452,103.896445900986
440087,1.30242019809177,103.905662252175
456192,1.31565625473793,103.919245737467
456929,1.31680131547259,103.918409414644
457127,1.31406788468779,103.928569437981
457184,1.31555148569585,103.927818272537
459210,1.30972119185076,103.923556714416
460184,1.32609462565376,103.941385900786
460201,1.32613049575596,103.927924007858
460419,1.32697957771794,103.928130747142
460431,1.32922126388158,103.932502461445
461024,1.32386400383727,103.933398625079
465466,1.32489040193075,103.944841446726
467903,1.32238449434156,103.950004048982
468182,1.32259062491216,103.946551139943
469332,1.3219367154385,103.931534884849
469371,1.32375594218437,103.953945209958
470616,1.33182894197051,103.914992849931
470713,1.33631180271797,103.922392175358
470718,1.33663363411169,103.925744921529
470743,1.33845487792351,103.921779286901
470745,1.33737622539858,103.921741211998
485996,1.34282850010816,103.964089954879
486035,1.33796640067292,103.964628553987
486042,1.33824039424584,103.965227334327
486046,1.34417230916592,103.965050995077
488362,1.34694405124812,103.962443253134
506996,1.3798679669468,103.962453075102
508668,1.36159595185264,103.968858911231
509025,1.3784836702768,103.958219159144
509026,1.37828503562972,103.957794619352
509397,1.37746857655612,103.958408733539
510129,1.36651869481811,103.955623407278
510187,1.36478561975397,103.959292481623
510197,1.36640299690077,103.960738659652
510214,1.36771508142416,103.961300162015
510258,1.36707357525622,103.964632225014
510561,1.36701303042853,103.950865061907
510575,1.37310921796248,103.946261131546
510735,1.37971737497341,103.9366321387
513524,1.37054529360258,103.947594575271
518239,1.37099780377049,103.964110392533
518798,1.37550677054835,103.934953276155
519497,1.37609103244793,103.95353288824
520123,1.34530661835845,103.953187956159
520154,1.34480692268474,103.956996641655
520219,1.35479243854559,103.952612725374
520262,1.35375663916488,103.950970401367
520374,1.35642450429126,103.958609343071
520400,1.35797322904481,103.949288295721
520432,1.35887571395227,103.950535549557
520433,1.3590622441865,103.951083181129
520647,1.36739236053972,103.941824444979
520856,1.35344324893831,103.936557632514
520871,1.35440347555796,103.932702293995
520878,1.35221187065647,103.931382253216
521106,1.34753918631699,103.94767543125
521159,1.35104130847402,103.946051539375
521866,1.35536454193962,103.934477898052
521954,1.34333728229859,103.937280857532
522487,1.36075820406707,103.957884242384
523662,1.36970874109309,103.933943576505
528539,1.35324276344947,103.928821304519
528565,1.3632481897246,103.938914821167
528833,1.34270592355576,103.953024618234
529284,1.35436981591879,103.959906449844
529906,1.33946174229267,103.949306367827
529915,1.34496563541971,103.955167766829
530023,1.36486665431312,103.890727968932
530328,1.36874824600499,103.896534515412
530414,1.37490432557755,103.895995988554
530541,1.37746143213216,103.891272654803
530565,1.38051822975687,103.887953240185
530667,1.37378501535751,103.883849096326
530706,1.36596036249795,103.888646477925
532365,1.36920419004326,103.897512942583
533475,1.3752181870956,103.899995256616
533986,1.38256880201065,103.880452545534
534965,1.34832066851505,103.880802521838
536186,1.34656520353906,103.88279441469
536290,1.34580622499118,103.875741690705
537319,1.36062589411973,103.890415463242
537822,1.37126024725601,103.897421430636
539784,1.34362014075942,103.879739130274
539830,1.35474020649844,103.883092839562
540143,1.39006592833714,103.905723427087
540231,1.38914380084977,103.901353490892
540269,1.38438914928533,103.895632910316
540351,1.39332786581517,103.886617625113
541178,1.38897323682802,103.909651586289
541290,1.3960787618403,103.896727615807
541295,1.39827117432616,103.899278132144
541303,1.38707885236737,103.890776484596
541314,1.39096346792355,103.889146783177
541330,1.39662723290185,103.889865436797
542277,1.38233665684196,103.894510812295
542278,1.38235083780012,103.890641438035
542281,1.38572826679961,103.891859601685
542325,1.39290849064575,103.890675455376
542336,1.39753870291447,103.889080058161
544576,1.38856301181347,103.909300333582
544583,1.38514646288138,103.90235039044
544835,1.39602238832875,103.891834051543
545571,1.35806026279456,103.875116232416
546871,1.36872483704663,103.880678266952
548651,1.39167651775815,103.900382210559
548674,1.3934582955135,103.900515289299
550103,1.37067353047523,103.870263924296
550219,1.35835882532411,103.872182035504
550246,1.35192270531399,103.869660835834
550504,1.37355994058113,103.876188548015
554360,1.37598331035084,103.870647299542
555876,1.36920169650272,103.875626645957
556912,1.35465462702531,103.863861122795
558758,1.35821479486693,103.863661436714
560209,1.36897078875054,103.843284534663
560415,1.36445335577543,103.853655233672
560442,1.36565326940253,103.855232195496
560533,1.37416923724326,103.853001920124
560556,1.37203235843331,103.857625381508
561310,1.36481255187585,103.843844243986
562700,1.36941049804616,103.846059822142
568179,1.36968157907272,103.832327721676
569228,1.37196445720109,103.851763531681
569771,1.38149880313709,103.846785923565
570114,1.34754941457825,103.848880515837
570153,1.34608595890118,103.855078297214
570236,1.35900490157493,103.84700657533
570409,1.36221019788509,103.834946047117
573953,1.36015261805469,103.833717500257
573968,1.35808083343463,103.833402419618
574469,1.37551513393684,103.832478495578
576416,1.35369666590847,103.829315028701
577177,1.34884336335242,103.840907482125
589240,1.34463618560807,103.775711946075
589472,1.33669726404395,103.783723416319
590012,1.33840274340359,103.772685810097
597925,1.34249558049883,103.77389764448
600108,1.33828124030497,103.73701474739
600209,1.33782546503407,103.740093358961
600241,1.34148304648859,103.742967624105
600251,1.34316585363812,103.739676494398
608838,1.33225990249213,103.748074842021
609434,1.33136345447176,103.741683568769
609606,1.33268762821723,103.746622647549
609966,1.32857138791923,103.752715200132
610140,1.32689978062811,103.723710474794
610153,1.32748326048826,103.721043759531
610350,1.33867048179835,103.719135213429
618744,1.33648470496686,103.72212051084
637034,1.35294937020326,103.689223508671
640404,1.35392288813097,103.72250572335
640420,1.35057174649766,103.727172770969
640484,1.34820888556575,103.726357754906
640528,1.34831968709824,103.71695546848
640613,1.33978250520383,103.700667734162
640694,1.34302581073029,103.706879612056
640721,1.34399335727786,103.697595848966
640739,1.34594298573858,103.700120116691
640825,1.34619008816048,103.693228527345
640826,1.3460494791315,103.694422327392
640862,1.3501424810666,103.696684591473
640922,1.33908791999316,103.689229114582
640934,1.34223794700407,103.688737677408
641665,1.34009318644463,103.703124315086
641681,1.34440862686382,103.705195214449
642180,1.34783599908392,103.709070823104
642661,1.33584938847644,103.705525287934
643656,1.33598955071785,103.69997420624
643663,1.33804531435801,103.702429711458
643698,1.34028016730054,103.707599009323
644197,1.34360788485586,103.713869400316
644274,1.35219891849799,103.704379929183
648131,1.34594578766091,103.724619105198
648331,1.33931504032005,103.705350996191
649151,1.34938102403954,103.698930157409
649883,1.34749841015121,103.71119757097
650116,1.34962866452512,103.746381073293
650211,1.34600090748097,103.750367726623
650260,1.35091259231107,103.759021061327
650277,1.34737713969744,103.758002985557
650319,1.3613950798384,103.746516665634
650432,1.36053358595047,103.742364555897
650531,1.35628923150764,103.750409726092
650535,1.35497075521286,103.750399548957
657993,1.35582936982069,103.741594327509
659441,1.35906257616677,103.748122250254
659586,1.34400859302781,103.751297375383
667970,1.3619672534168,103.764266382093
669915,1.35752640518369,103.760075727441
670111,1.37816746627422,103.768365659202
670235,1.37818350557282,103.771291362954
670445,1.38358032362676,103.770768501474
670487,1.38917306201936,103.771106197699
670522,1.3863359929313,103.766165401472
670631,1.38647806662619,103.760256469034
671632,1.38541445977563,103.758030964055
677622,1.3655707838852,103.77504908361
678091,1.36106463746906,103.767474123955
679002,1.37972100441473,103.769118494651
680110,1.37821371288758,103.751983012288
680123,1.37919635460193,103.749457687117
680229,1.38065374616798,103.746367294001
680276,1.37956864583538,103.744327184637
680435,1.38513876286097,103.741050024231
680475,1.37805614752086,103.738931794069
680483,1.37584148701172,103.737757429932
680620,1.39957666181485,103.747100331609
680682,1.40251053782999,103.745291162637
680703,1.3913176745554,103.745930761025
683688,1.40318759203056,103.750991222662
683817,1.37756652387037,103.748989532974
684490,1.37602869228672,103.741368197927
688892,1.38115529117059,103.751903879838
690135,1.35395054963196,103.730809078771
690219,1.35933745468117,103.730946465569
691231,1.35951857354759,103.732035881114
693119,1.35742037653983,103.735198782731
730012,1.44051412313324,103.778621615198
730331,1.42940879659713,103.778713415091
730339,1.43100437420797,103.781602329579
730424,1.42729302492584,103.774859396818
730501,1.43292523586445,103.792006999106
730649,1.4389359336048,103.800962467196
730676,1.43977701476241,103.800573459822
730715,1.44198958062637,103.799393670201
730795,1.44302317833682,103.804141540228
730853,1.43943463826363,103.79309818014
730874,1.44292047122638,103.789545669587
730875,1.44253260985689,103.789611670953
730877,1.44512875522161,103.791320317117
730888,1.43767918988802,103.795136738069
730900,1.4350778940091,103.786619615641
730909,1.43937781064689,103.785716390551
731183,1.43541550566116,103.777407059508
731764,1.44561064808723,103.796780614168
731896,1.43692442499246,103.792568796601
732787,1.44456206997385,103.800811554206
732894,1.43563853621561,103.790326073447
733894,1.43563851706882,103.789623895573
738229,1.4280276339332,103.780906466067
738951,1.43083316720505,103.794704217699
739983,1.44072763040994,103.771877540825
750120,1.44565250579578,103.831432705545
750309,1.44675733997767,103.821562408022
750316,1.44634275472687,103.820816616633
750511,1.45384518789713,103.819543348113
751126,1.44515880423783,103.834981318758
752128,1.44514889153347,103.833925659353
753362,1.44668372388674,103.813225771052
757044,1.44309365595112,103.815893655259
758352,1.41694199331709,103.815972865504
758419,1.43835910195662,103.825923529576
760122,1.4349975861895,103.831124805626
760201,1.43064865606425,103.837996781156
760290,1.43604695009496,103.836194335705
760311,1.43157506974497,103.840815309067
760357,1.42590766387746,103.845994782831
760423,1.42284296540435,103.848313795012
760461,1.42841338853064,103.84997365333
760504,1.41840746777827,103.844547664772
760675,1.42006293748965,103.843561434577
760832,1.41475962294169,103.834648982061
760852,1.41608349208477,103.836622433592
760934,1.42576336562507,103.83653912369
761701,1.4299550174085,103.82792040181
767944,1.41470892392505,103.831102367478
768008,1.43488799613013,103.844613461165
768679,1.43397617334964,103.834050796658
768866,1.42425474652947,103.845482462681
768923,1.4403210014766,103.840575731125
769099,1.43686614981845,103.83434033765
769923,1.43733849469025,103.827551610447
790401,1.3901021265985,103.870984520752
790455,1.39183688254074,103.871190376558
791417,1.39157654101303,103.880697269897
797536,1.39510598236661,103.878696725444
797650,1.39165412570696,103.877189699517
799752,1.40305345907378,103.870912926915
805946,1.39049673555442,103.854010727913
809442,1.38834135596893,103.865685120431
809741,1.39082104130184,103.85170557193
820261,1.40541353588128,103.896823897352
820420,1.41898752974431,103.903018605892
820612,1.40461003085618,103.908665597491
821226,1.40272812898156,103.893101300132
821308,1.40776143065745,103.900998963843
821447,1.41732237795885,103.912385865941
822101,1.39772042498827,103.90632016352
822435,1.41872191528327,103.910462015369
822682,1.40341173051587,103.915952020104
823171,1.39481475165028,103.913160942886
823622,1.4006620149821,103.910914385755
824128,1.39296771940163,103.911961953324
824175,1.39847060510127,103.907769343307
824201,1.39953661476964,103.903245841272
824322,1.41003628713147,103.896380211581
824637,1.3990576199104,103.915464678932
828603,1.40786099170518,103.909505058042
828654,1.4101948880134,103.906072212279
828674,1.41158455562454,103.89890448429
828683,1.39910651674297,103.914597569863
828717,1.40185430270244,103.910410112245
829911,1.41455331241338,103.908235310028
039594,1.29185533273026,103.85857808906
048616,1.28434954622306,103.851072545834
049318,1.28424248541962,103.852502853417
059764,1.2876382496479,103.843976681457
068810,1.27601990655194,103.848835345266
068815,1.27796672410263,103.849007895764
069111,1.27923120988439,103.846619273977
069533,1.28096623481924,103.849392501855
069534,1.28054975235403,103.849195746277
069925,1.28182153201993,103.847397445142
079027,1.2749347475094,103.843552412915
082002,1.27521197962545,103.842708898883
085501,1.27662168427368,103.841156142262
088995,1.28120819857782,103.843020522293
090018,1.27790984987633,103.822535848245
098008,1.25166196562472,103.820751565199
098375,1.24707037485673,103.842196112807
098382,1.26372399980548,103.812189999971
098717,1.26957377266982,103.814511379765
099253,1.26393160324447,103.820112171695
099254,1.2644444765565,103.818680927668
100044,1.27129597566763,103.810507576844
100063,1.27483128151468,103.810941362052
101078,1.27338251992557,103.808934807512
102078,1.27362998744635,103.808254903711
103104,1.28054679818301,103.811571533865
109590,1.28188713080526,103.814161011226
109840,1.28320617401889,103.806811993607
117439,1.27483059979467,103.799145295404
117783,1.28570778791483,103.794457098498
118141,1.28013029232542,103.78625956187
118257,1.28903988216459,103.790501723096
118523,1.27731477765259,103.796527879731
118524,1.27812903004903,103.796754320751
118599,1.28031001099658,103.784721316163
118643,1.28750746408234,103.779791675205
118733,1.29154211888766,103.771165065693
119936,1.27766459059549,103.797742999491
119962,1.27521486569868,103.801329953313
119968,1.27739855841062,103.799423212198
120207,1.32238038257706,103.762372790269
120305,1.32206109134409,103.766014023221
120333,1.3151622811043,103.76748797506
120375,1.31849298732441,103.766701647482
120428,1.31251199282409,103.763268844666
120445,1.31335932628171,103.763902569669
120453,1.31192106821964,103.766016890178
120611,1.30369740104798,103.769476904205
120714,1.30424477803195,103.761706994745
120728,1.3056127219172,103.76360266187
121420,1.30964791583249,103.768667399399
121462,1.31156052663147,103.765726537609
122209,1.32307183298737,103.763858722838
122312,1.31965596040108,103.76445460534
126756,1.31968768006034,103.752699363733
127309,1.293261716615,103.766675957127
127370,1.30272018342396,103.765866427623
127371,1.30362457527941,103.765858386923
128020,1.31641321892509,103.757451263299
128524,1.3050792664295,103.764536469721
128583,1.3062784274846,103.767103759783
129040,1.32167882263481,103.757399120948
129781,1.29969494386434,103.768262238489
129798,1.30139111071693,103.768997541346
129857,1.31666529308968,103.767438999533
138623,1.30159695735201,103.793329187493
138628,1.29801992240256,103.790067059149
138632,1.29929405583229,103.78740406096
138639,1.30541103549045,103.788371152389
138675,1.30509598194318,103.790965015429
139659,1.30415613270506,103.779206327383
139790,1.30663897387578,103.782412866712
139940,1.29569041726748,103.787502523122
140021,1.2932777500051,103.799918049241
140040,1.29645842578646,103.806207569922
140145,1.29381815215672,103.804886574515
141082,1.29454526399603,103.808751075782
142043,1.29871092283081,103.798579967767
142054,1.30164998857118,103.796796430411
143053,1.29333561156669,103.807613949557
143078,1.29410699961945,103.809540875876
148960,1.29205481713546,103.805546433928
149454,1.29483448470578,103.80756527615
149456,1.29474611826682,103.806830290183
149598,1.30305551306548,103.796483196648
149601,1.30620353695739,103.799219242374
149604,1.30258842546827,103.797301915704
150003,1.28713356011406,103.807000524353
150052,1.28848713394647,103.813351513103
159049,1.28955908951314,103.814664108896
159345,1.28492939416037,103.808520956734
159460,1.28348433174779,103.818267800134
159506,1.28836511367634,103.811949861772
159640,1.28840746132931,103.811381546497
159919,1.29102791800182,103.825340807968
159948,1.29130379873071,103.807350988389
159964,1.28812221600156,103.799444845234
159971,1.28728320930592,103.805283367958
160125,1.28363467842249,103.828128059322
160130,1.28041255232016,103.829271242873
160134,1.27881990735879,103.827723714738
160568,1.28991403278086,103.831035215527
161051,1.2899461903129,103.827679724834
163009,1.28681417822795,103.828928312802
164018,1.2856723198467,103.826784264546
168582,1.27751377380898,103.835478011932
168730,1.28629937187776,103.828093503404
169053,1.28575068851142,103.83594085152
169075,1.28896723470825,103.834188484711
169634,1.28751197109177,103.836410580532
169715,1.28345252523339,103.83188270636
188659,1.30207189680192,103.851996042324
190019,1.30370770062522,103.862344547199
208539,1.3113051711141,103.856421771626
209062,1.30871570622013,103.8625704755
210050,1.31313099307775,103.850867852489
217567,1.31243078021903,103.850770929023
217646,1.31649300843498,103.856941466502
218577,1.30894457386777,103.851699014822
219248,1.31255000121962,103.847420540474
219568,1.31167204768648,103.852599796567
228085,1.30380782656484,103.84702376256
228126,1.30394063797865,103.848082058595
229492,1.31039881365697,103.839964342214
229835,1.30737958412843,103.847078807577
229944,1.31030734224291,103.83895719466
238366,1.29610970657652,103.838506457383
238859,1.30387230879994,103.835857545469
239359,1.2928804188083,103.839650939705
239426,1.2920289748282,103.8342559766
239704,1.29942801027084,103.831629627646
239803,1.29816295364733,103.839385074773
239918,1.29208678032575,103.842729086168
239926,1.29678685447683,103.844162425218
247960,1.294400745725,103.816497154619
247964,1.30555243170629,103.823084512144
247974,1.29792399607132,103.814556914209
248668,1.30056530990166,103.824504613072
248922,1.29602160157967,103.815564059488
248935,1.29824751033366,103.809918727139
258352,1.31283861886906,103.826031940569
258850,1.30828402661589,103.808984701618
259226,1.31973695760893,103.811846479607
259367,1.31874454303372,103.820233186205
259708,1.31643963008359,103.835487584433
259760,1.32257316934913,103.814245542255
259810,1.31710101079239,103.834056878975
259887,1.31514455842814,103.834011490726
266774,1.31811007976306,103.806787274831
267211,1.32402554036861,103.796786630296
267828,1.31286097636488,103.796123267353
268155,1.31804545639093,103.805593236532
268669,1.32837216696356,103.796570471398
268910,1.32178569263784,103.810754240842
269735,1.32537840511668,103.8007790814
270005,1.31269310627626,103.788308828224
270015,1.30914384420468,103.788419923521
270024,1.30896882726148,103.785517569273
271004,1.30796826743788,103.795646469655
271011,1.30905394546184,103.794063120888
275748,1.31104916811064,103.794145546471
277114,1.31819883161007,103.778897935785
277618,1.32840952045465,103.793207325664
278418,1.31025414286293,103.799257712029
278886,1.31396624076253,103.779997537591
278967,1.31027747574118,103.795371163103
279050,1.3136750780732,103.783180793585
279621,1.31232576631752,103.789595737544
287421,1.32772462834932,103.806971518547
287771,1.33120392562192,103.798236529621
288453,1.32672697822028,103.810688683497
288712,1.33238993216703,103.801672365491
289758,1.34516582732223,103.790611837813
289892,1.32721938134462,103.813378955507
298135,1.33348689659048,103.839103131527
299814,1.33000348667635,103.816467275963
307584,1.31508986468659,103.8446474854
307903,1.32117913758975,103.842384045711
307966,1.31719739808808,103.841034923233
307970,1.31798740095127,103.841298113497
307987,1.31978249878705,103.842142960008
308433,1.32122164173383,103.845997101992
309007,1.31930872020019,103.832058809956
309063,1.31563175498381,103.838006653091
309198,1.32013076462027,103.840793907045
309936,1.3191576598967,103.83451603479
309975,1.32382852732528,103.848363903326
310045,1.33586536681806,103.853751152895
310055,1.33735976862599,103.85119779562
310131,1.3379617298204,103.843250722733
310157,1.3322421486487,103.845643059432
310190,1.33297850289872,103.848761042692
310205,1.34220948332494,103.847727620222
310236,1.34027351637589,103.852085014347
311014,1.33626821074683,103.858315234224
311146,1.33435697144389,103.845404214537
311261,1.33372621378708,103.855718395843
311401,1.33992471478482,103.843564620059
319252,1.34032299499938,103.855529906182
319253,1.34063847843527,103.8569832585
319387,1.32980734122541,103.854404351339
319515,1.33403623894465,103.850977706475
319637,1.34029764126766,103.847467390195
319763,1.33452048243981,103.842598451486
320080,1.3237960791893,103.855670628868
320085,1.32278920327274,103.856444472629
320105,1.32857909987613,103.85387252356
320111,1.32130398839445,103.858272728064
320116,1.32769993704525,103.861236369481
320140,1.31718193292347,103.858252810941
320149,1.31832960459766,103.859383978238
321113,1.32100686964356,103.85982430866
322026,1.32166862124903,103.862717909816
328516,1.31861240808264,103.85609494219
328827,1.32537759323296,103.85401668753
329683,1.32097987087573,103.852540686527
329983,1.32710813506067,103.846374256983
330002,1.31687158155777,103.859945606885
330005,1.31629995826281,103.860397463054
330039,1.32075606190463,103.866219436718
330049,1.32448737406528,103.866368168069
330066,1.32053917107956,103.86969083666
339213,1.31461770584528,103.865922056564
339351,1.32127642047116,103.870756976652
339411,1.30979213426252,103.865023834958
339511,1.30974242004976,103.864101650501
339631,1.32406063534817,103.869919586753
339771,1.31780291219961,103.862373287007
339843,1.32441878311796,103.865899487605
339940,1.31626605933927,103.862529469668
339949,1.31691578544271,103.863109192276
340101,1.33623671562033,103.871287596113
341115,1.33645283610396,103.87276093968
342106,1.33364211083176,103.871164760412
347592,1.33235355110851,103.874151327029
347931,1.32943551112394,103.870868278527
348475,1.32845105129225,103.871337487087
348537,1.33073694010987,103.874352259564
348796,1.33280873217084,103.876090448941
349318,1.32880574581664,103.879236223296
349700,1.33566084356265,103.87562006259
349844,1.33440986402149,103.875537215276
350105,1.33442373227683,103.868696835165
350134,1.3344748817381,103.866286542639
357741,1.33915970201806,103.869452164366
357844,1.34266884714226,103.867826898639
357971,1.34715335920687,103.869823844926
359110,1.34607582573979,103.868832012212
359756,1.34909587554901,103.86556214377
360014,1.33607364601336,103.879853824125
360017,1.33616230952626,103.881375973843
360202,1.33988402424235,103.87143271777
361206,1.3411369152006,103.872560280271
361214,1.34311119403389,103.874917224342
367803,1.33869419209869,103.871750105256
367904,1.33379360603858,103.88216761942
367984,1.33356251802176,103.88638828999
369400,1.32922367340467,103.883637513413
369673,1.33435446385719,103.88821571827
370031,1.32968232972727,103.885407998763
370093,1.32273476922747,103.888103196257
370100,1.32696609771649,103.889637804311
371076,1.32488263755484,103.889392651265
380005,1.31264014497827,103.872491873561
380008,1.31298450085135,103.870430262585
380052,1.31666544739611,103.880390526566
380118,1.32004897700545,103.887406611675
380128,1.31830919498771,103.887754005604
382020,1.31413253601651,103.874217315517
382115,1.31147846434971,103.872687694828
387311,1.3156444591336,103.8724342131
387606,1.31480381755514,103.879132926786
388410,1.31826224575141,103.881336904053
389801,1.31389822204339,103.882239402789
390049,1.30888261835169,103.885424848249
390052,1.31067221805457,103.88503171279
390054,1.31004800551081,103.884678198119
390087,1.30920453703351,103.886918300106
390092,1.30981654427805,103.888843288251
397693,1.30230108405227,103.876473975883
397999,1.30897624465893,103.881074701361
399006,1.31037918716352,103.878782309109
400017,1.32337014878712,103.904403708711
400037,1.3216064888907,103.901815444481
400306,1.32987219692115,103.901929745036
400315,1.32935634839085,103.903220788002
400326,1.32717743985411,103.903801522508
400412,1.31831563774111,103.899024728378
408528,1.31652817716769,103.896555021986
408600,1.31885611019401,103.89406715568
408868,1.3329297075035,103.894107717483
409046,1.33115703191152,103.888300290371
410116,1.32278533891234,103.911863020755
410656,1.33370603793401,103.907540974425
416672,1.31918790014122,103.908056040946
416913,1.32069799419067,103.910243870379
417940,1.33292201394538,103.904289536745
417943,1.33668906305605,103.910663762094
419037,1.32362230084091,103.91904590804
419260,1.32296627847381,103.905836864653
419500,1.3206153352578,103.905457824837
419730,1.31688657079085,103.902791998228
423934,1.30694171401218,103.909586431822
423935,1.30607572408294,103.909344669229
425080,1.309847162129,103.907760964095
425500,1.31182050839719,103.910557234076
425542,1.31259905299822,103.913240225331
425611,1.31254612174326,103.907430585157
427392,1.3141366713033,103.898749490526
427664,1.30691767591799,103.90455456909
428102,1.31233160592592,103.90341800573
428766,1.30438467017372,103.903338648502
428802,1.30522461599039,103.905101873935
428915,1.30759648518797,103.906933727682
429063,1.30956754269648,103.913675445774
429740,1.30780887362873,103.900785591024
430001,1.31129091782202,103.897703436187
436559,1.30189460418742,103.887506204657
436959,1.31292852330675,103.893695089109
437130,1.3030726351388,103.897062950246
437259,1.30498489044822,103.899999965407
437565,1.31312561168832,103.892743901067
437735,1.30117602429767,103.886194260442
437738,1.3003404019115,103.886683843208
437764,1.29998442489097,103.892519294634
437839,1.30326689362626,103.899493551467
439235,1.30923726736182,103.899035307875
439289,1.29851423342286,103.894821372712
439291,1.29970048930189,103.893880704979
440018,1.30320858339073,103.914300755467
440046,1.30510474826351,103.912659611854
440050,1.30531622845083,103.915886828532
440066,1.30393796924619,103.909735937973
440089,1.30129037884726,103.906458593236
449269,1.30119131468839,103.905113590527
449274,1.30451986138534,103.906370025476
449283,1.30985511226841,103.927555265906
449290,1.31004098731359,103.931988303024
449408,1.30188733858697,103.905996039776
456650,1.31122887916453,103.93269377374
456903,1.31679911104955,103.927713798947
457037,1.31141604877566,103.929290143671
458177,1.31475089666837,103.918712310579
458235,1.31356351227081,103.919891264179
458493,1.319768568322,103.921356987677
459067,1.31218244678912,103.922652578762
459098,1.31289676573342,103.924111306891
459509,1.32270446967402,103.925267680417
460064,1.32421853827826,103.939856749673
460108,1.3327400821369,103.936223521869
460115,1.33143368792839,103.93686541135
460126,1.32816830907267,103.938917895269
460131,1.32698509795919,103.935847895885
460135,1.32873201687201,103.936506734604
460172,1.32066917100909,103.94468952936
460187,1.33083543731954,103.940641339343
460219,1.32496457628748,103.932948087606
460409,1.3281029219141,103.932938109001
460424,1.32842000962637,103.927482677521
460503,1.33148387479968,103.932465913287
460519,1.33087465125044,103.928059091947
460520,1.33046461779259,103.92813426172
460525,1.3347035219436,103.929040927901
461030,1.32352678658792,103.936423904386
461032,1.32371729072048,103.925001092941
461038,1.32592470872423,103.925824304731
462152,1.31817123395165,103.947304749013
463807,1.3279979407231,103.92324860169
466484,1.31411268770121,103.939491392638
466497,1.31412070729695,103.940617040387
466601,1.31975535533034,103.953844646678
466781,1.3156656914669,103.938533936268
466912,1.31635453896932,103.937810235004
467614,1.31789138113531,103.941904391308
467905,1.32241283547453,103.949906084159
468699,1.31381418332064,103.935316583502
469003,1.32315929812862,103.920979980507
469300,1.31768525061137,103.945505085146
469538,1.3318149698608,103.947573704085
469627,1.33338208007945,103.926846219401
469662,1.32671219591036,103.932029527683
469680,1.3297844580718,103.931824413157
469717,1.33121916601257,103.934743788026
469751,1.32698962835046,103.926353894001
470108,1.33023193004172,103.909386972458
470122,1.33197885903725,103.910623676887
470134,1.33277860691699,103.912631126804
470606,1.33122228560871,103.913799878266
470620,1.33433431952628,103.917712569623
470629,1.33439907405514,103.914501165343
470709,1.33541606502637,103.922350075379
486025,1.33360158623326,103.965411905521
486066,1.33475676200367,103.965118785684
486824,1.34169104181288,103.961982497463
487127,1.33849325293224,103.957699570662
488718,1.33432066926286,103.947431220547
488730,1.33401693368252,103.946428507159
506790,1.36069877661346,103.970169461433
509575,1.36102207045094,103.964952206182
510216,1.36902276309277,103.960913206652
510229,1.37268853524266,103.961778642664
510273,1.36484627308961,103.964113181254
510412,1.37338381429629,103.955095676742
510426,1.36995839740321,103.955787848869
510443,1.36944395800279,103.957368900692
510472,1.37416575605544,103.957269905237
510487,1.37494128665342,103.96059003892
510517,1.37468100401123,103.943850343462
510553,1.36797543702573,103.952769232866
510557,1.36703194161092,103.952128615771
510590,1.37623215328946,103.948333319755
510623,1.37790533095468,103.94233582068
510625,1.37860717882538,103.941916363447
510626,1.37980085474172,103.940918757392
510637,1.37678317067544,103.940314274412
510650,1.37872763434432,103.938075328762
510716,1.38310157275173,103.936732575912
510738,1.37915489273996,103.936519186278
510764,1.37630704678294,103.934559269205
518458,1.36790211151825,103.964462067712
518645,1.38044509215177,103.944359290182
518866,1.37505696315817,103.945289416873
518935,1.37246063927999,103.957020286115
519108,1.38368229415478,103.94344577664
519132,1.38116170541846,103.947818522707
519282,1.38234533373115,103.942370233292
519419,1.37091699784346,103.955849482219
519599,1.37912717878008,103.955444758145
519612,1.37382437779468,103.948748873616
519732,1.38294870093472,103.943222170818
519923,1.3805271315973,103.947689139028
520114,1.34384910516645,103.950437525657
520131,1.34550516573522,103.953954318345
520135,1.34803733103292,103.957046121852
520140,1.34755779818379,103.943814796185
520241,1.35461516668329,103.947116640698
520265,1.35244378376196,103.950029637116
520273,1.3486918230885,103.95042750892
520297,1.35114990174236,103.954792487832
520305,1.35241346727103,103.955871285534
520320,1.3507018176439,103.957051867879
520341,1.35114570156742,103.961134938725
520354,1.35486140227222,103.962498873896
520355,1.35505059132687,103.961599957131
520358,1.35447447231424,103.961004154469
520372,1.35644214539058,103.958095637942
520385,1.35496004266325,103.958520955298
520411,1.35911452071564,103.946078782025
520428,1.35908616639236,103.948910995142
520443,1.35885506890602,103.951898883289
520460,1.35829909326187,103.955006307609
520476,1.3609228362912,103.953359372741
520483,1.36143339782532,103.952685917828
520610,1.36463646143194,103.937173937407
520613,1.36547139149667,103.93625034316
520633,1.36551980812276,103.941330282181
520707,1.35764787653833,103.936890975165
520727,1.3563134994008,103.935483915221
520741,1.36001177722698,103.933043781914
520803,1.34519808723932,103.937688600395
520817,1.34763507689117,103.936695602239
520823,1.3487449454775,103.934024716838
520855,1.35358250009189,103.935299480466
520858,1.3542933216388,103.937594965945
520887,1.35046411304959,103.931896396161
520891,1.34922500505617,103.931119227762
520896,1.34830327385557,103.932451735683
520939,1.34811106445663,103.941241973001
520942,1.34977339661508,103.940622244099
521112,1.34629831386768,103.94750621688
521113,1.34647851722058,103.946176771298
521136,1.34467549403486,103.945169502785
521151,1.35138611026976,103.943764586351
521524,1.35835090076118,103.938908850193
521609,1.36361412499017,103.935357759734
521867,1.35570643617712,103.933753485939
521868,1.35544681770999,103.932544278099
521870,1.35608700205895,103.931752248401
521890,1.34672448664678,103.933876119392
521957,1.34121934641868,103.936025986857
521964,1.33793689570174,103.93931886353
522497,1.35825225174873,103.958367360305
522606,1.36230165817252,103.937401758053
522627,1.36360932691527,103.939942353867
522640,1.36555636016994,103.944574941249
522875,1.35291999213671,103.929501131497
523878,1.35126411286423,103.929363834798
523961,1.33867077147747,103.937331818938
524492,1.36392332726041,103.955722885854
524493,1.36265958374201,103.952012448684
524972,1.34147220520781,103.938761988677
525858,1.35445354491042,103.940862799115
527491,1.3629698988553,103.954391828405
528882,1.34471107296847,103.941701190966
529176,1.35711606790292,103.949144797277
529426,1.3504863946694,103.943573098509
529455,1.34884145099795,103.949335256865
529483,1.35277425902388,103.942491709102
529509,1.35236829566862,103.943812302253
529536,1.35425637962115,103.945071748027
529540,1.35264347882967,103.942942106476
529541,1.35316516233128,103.942707700332
529651,1.35528065111508,103.93993380532
529653,1.3523360160745,103.941943293971
529757,1.3452917235724,103.934225254191
529974,1.34342095665451,103.95727508006
530125,1.35240983570812,103.886491573358
530127,1.35291722123534,103.88567990649
530170,1.35146345874372,103.889319373277
530205,1.35954177325561,103.885167372726
530221,1.35660452605974,103.883650629313
530246,1.35876258437852,103.891460074318
530247,1.35916575005657,103.891524293017
530321,1.36711104918375,103.898249972495
530373,1.36268196108362,103.890391265295
530406,1.3736394979687,103.896187663804
530434,1.37647221404827,103.893822113477
530452,1.3784914476911,103.89630799316
530528,1.37513419458005,103.890531720791
530535,1.37644174333807,103.89013377594
530539,1.37748508098977,103.890382070653
530606,1.37067705851962,103.885941076262
530632,1.37056742335694,103.880591938862
530677,1.37118463235158,103.884254617112
530695,1.37633401164513,103.887398856113
530806,1.37107840264494,103.894100080287
530926,1.37607145439608,103.88092440132
530937,1.37474486517424,103.879297111332
530950,1.37559305335225,103.878761073257
530954,1.37676277611734,103.878108300551
530970,1.37878537995761,103.880486024951
530993,1.38511499043052,103.88362378135
530997,1.38544284304831,103.880763249489
530999,1.38456386449101,103.879946263431
531214,1.35973915607808,103.886325198207
531376,1.36346009799329,103.893576325679
531996,1.38646844449981,103.881610480948
532992,1.3838267304931,103.881672473881
533470,1.37846689696364,103.900804196373
533476,1.37794957092138,103.904346035596
533893,1.37447287448697,103.90307048623
533979,1.37953890276955,103.879954453242
534238,1.37738245231461,103.880805274557
534514,1.34435131533075,103.871087161962
534625,1.35442698124885,103.878038099762
534682,1.35857807985611,103.881854280631
534818,1.3367576238964,103.88693685929
535136,1.36092931253044,103.892551072557
535736,1.37120180912797,103.898290783389
535821,1.34313977129002,103.883690290044
536202,1.34233538123589,103.885810659572
536698,1.35062196483141,103.880459926161
537727,1.36929295999108,103.892574613236
538473,1.37667371760412,103.901954069082
538719,1.37924528796406,103.887832026893
538728,1.35598784097376,103.891400623421
538787,1.37779451191095,103.894506933668
538840,1.36475124381247,103.892727994573
538875,1.35885665114265,103.889428375752
539775,1.33631557522577,103.888825620348
540101,1.38276428893595,103.899272035914
540103,1.38291146712108,103.901208583313
540131,1.38934561242683,103.903078597484
540145,1.38990044873734,103.90607033433
540153,1.39136527233854,103.906601243533
540164,1.38930506623143,103.907598607934
540172,1.38713548237241,103.910459338779
540194,1.39260955810937,103.901592560709
540195,1.39282417800809,103.902400185088
540208,1.38402863973162,103.898104536867
540217,1.38975552495157,103.894482345649
540230,1.38835481994174,103.901270877485
540252,1.39368190554213,103.900770045348
540266,1.38199703112006,103.897031077664
540270,1.38613601369504,103.894214399164
540338,1.39922772538912,103.88965593061
540353,1.39315967650223,103.88565992411
541116,1.38246038039285,103.902238681998
541122,1.38661451456829,103.906024040147
541123,1.38604163686578,103.902900571161
541201,1.38900121148939,103.892763307705
541205,1.38603998418639,103.896966680116
541206,1.38648067876187,103.896739898472
541212,1.3863982121383,103.899960032132
541262,1.39554139258566,103.894940561242
541275,1.38287416215524,103.894603741377
542292,1.39539857873123,103.898745037787
542293,1.39699193578499,103.895995258683
542298,1.3955216653231,103.902214033911
542302,1.3878622433042,103.890705078823
542332,1.39510794817993,103.891456224107
543188,1.39522161732713,103.904808627805
543308,1.38922746465317,103.886844695908
543319,1.39088900332643,103.890634133148
544122,1.38709611224694,103.905723021788
544203,1.38721445178077,103.895525257108
544260,1.39443376269882,103.895863980712
544618,1.39837686069905,103.887278025209
544644,1.38929191311545,103.900231387659
544692,1.38381228170133,103.892318220824
544709,1.39019431975813,103.897033070016
544799,1.39495818021916,103.889896508672
544964,1.39546569583188,103.885777120638
544969,1.39036998654612,103.887165375933
544974,1.38255066171151,103.89626457548
545056,1.39222022708261,103.886426500281
545270,1.39087138721011,103.903298054206
545271,1.39104686098999,103.902958684595
546654,1.39219326293479,103.901014104505
546663,1.39276699974301,103.900866964164
546674,1.39219045581486,103.901542475504
547227,1.36416808280893,103.876884882643
548008,1.3619760292092,103.884992801669
548542,1.36596356117392,103.884987054392
548601,1.39041401433906,103.904425288022
548675,1.39337424296146,103.900408489254
549404,1.35976188011926,103.882179843583
549405,1.36016979746082,103.881080577567
549954,1.35259230946418,103.875824105499
550125,1.36645063269507,103.872110834899
550140,1.36843456862046,103.875006492339
550226,1.35682205241845,103.870855820949
550255,1.35506200468668,103.870871861186
550301,1.35288347756585,103.867822811475
550306,1.354170253505,103.866885717087
550407,1.34718613034606,103.872968182223
550417,1.34993639119978,103.875055740578
550423,1.3484907716087,103.875588802735
550518,1.3716417290328,103.874102228394
550540,1.37461893085731,103.872573520638
550553,1.37171071388476,103.871233716329
554910,1.37446629705356,103.869082561303
556057,1.36848447708278,103.861852916128
556108,1.34864575840923,103.868595527042
556141,1.34736435578587,103.876770434362
556552,1.36418559374455,103.863343559518
556741,1.35206196118771,103.860698338514
556839,1.36470757424363,103.870053772955
557271,1.36578944462684,103.866921701207
557783,1.35757878929144,103.869892393498
560102,1.37065009249377,103.839410348811
560109,1.37009653758337,103.837687775294
560124,1.37088839089522,103.844764527974
560161,1.3741402146495,103.839673303433
560172,1.37469422261984,103.836462871445
560218,1.36511907555698,103.841742483384
560229,1.36907645907976,103.838228660084
560320,1.36559244608528,103.848386744168
560329,1.36659908629034,103.846874419073
560331,1.36211140665392,103.850766473498
560343,1.36837474759489,103.849151113749
560502,1.37572474108554,103.849934308508
560541,1.37392239168826,103.855621371068
560571,1.37005501296043,103.85488055876
560584,1.3707097868791,103.853494767426
560610,1.37939470300077,103.839157232686
560644,1.37914985571526,103.840938206473
560645,1.37927553533411,103.842235624758
560651,1.3830203830033,103.841780326812
562260,1.36886409962902,103.83395420063
562455,1.36833017912554,103.858495667837
567708,1.39127591953143,103.850468725185
567720,1.37724447883816,103.856431219196
568346,1.35459825427699,103.859305478507
568659,1.37269007052894,103.838223972786
569059,1.38935645079821,103.849309509209
569139,1.38654032722797,103.844716408408
569163,1.38132578567055,103.841450468671
569383,1.3670709174272,103.835382524957
569814,1.37178558575829,103.847837565378
569830,1.38034090947504,103.84808333114
569844,1.37052179748946,103.845904790885
569878,1.37637683547682,103.843252803742
569880,1.37792345221534,103.875389838376
569897,1.37300750160253,103.837612421294
569898,1.37468314913744,103.837307014487
569920,1.36932176584608,103.839630858752
570178,1.34812743111822,103.852330274842
570181,1.34912207972494,103.852880896047
570185,1.34976132220948,103.852452066517
570197,1.34910117325148,103.85071054062
570201,1.35506686196949,103.846946067332
570231,1.35729122280137,103.845845691915
570245,1.36033727387085,103.843963448891
570257,1.35971687105085,103.843103108262
570305,1.35011651203967,103.838730626564
570309,1.35091296258284,103.837585157698
570510,1.34888843900173,103.849691980373
570533,1.35153278543815,103.852873809087
573954,1.36021537732932,103.833747668616
573955,1.36013479804725,103.83370753933
573960,1.35896872448258,103.833968719539
573969,1.35855028746802,103.833601031738
574141,1.35731806281412,103.826249289267
574244,1.34321522708402,103.837853134704
574245,1.34479303938429,103.837532691281
574747,1.379297531032,103.831505395032
575624,1.35634654983022,103.83749800568
576013,1.3546145776267,103.842678923769
576101,1.35287844756844,103.842430629926
579792,1.34705533235309,103.854929742685
579882,1.34890370447644,103.844685989706
588177,1.34239508820554,103.776468301093
588179,1.34316475341698,103.776031354379
588184,1.34544411545417,103.772921561927
588406,1.34651918177788,103.780960180418
588534,1.34050988109959,103.782401339527
589239,1.34485427319631,103.775495545272
589445,1.33481631550287,103.788060587472
589622,1.33329924066603,103.788798898908
590005,1.33819254167455,103.774522627887
596152,1.34404337282104,103.769543941347
596360,1.34417619588776,103.774079422354
596709,1.3396237321448,103.76899437494
597611,1.33828864777463,103.775479086643
597627,1.31984371963095,103.779326736396
598523,1.34291909095793,103.767221072322
598606,1.34117840220824,103.772116399712
599057,1.33605523349512,103.76787462744
599489,1.33169499481752,103.775071675447
600048,1.32049455420279,103.739968203905
600055,1.32189197261167,103.737551593405
600134,1.33386247049935,103.738708271258
600135,1.333808576858,103.739551766569
600248,1.34227314416197,103.740101369089
600255,1.34428329076703,103.737896792191
600264,1.34374104685927,103.741478764585
600308,1.3472950403719,103.734573253838
600316,1.34579717453294,103.73230005742
600414,1.32008314852497,103.747247319413
601022,1.32329735064856,103.739388090206
602288,1.3389363751343,103.742880867285
603285,1.33788840375922,103.746604060748
608512,1.33663996485581,103.744771669516
608532,1.33402529481694,103.742586014944
609337,1.32103078825939,103.746110493966
609342,1.3212933695135,103.747648912115
609603,1.33921643707099,103.741421891919
609607,1.33590457626914,103.744636416564
609648,1.335574050613,103.738118513305
609921,1.32862230806632,103.746196716836
609930,1.33009667044351,103.747155986864
609933,1.32803882621515,103.748337574979
609935,1.32760824365397,103.749219232772
609961,1.33102122066659,103.748331228993
609964,1.3274754002115,103.753564699613
610150,1.32724211434074,103.722352699939
610161,1.3295800528928,103.721493922129
610352,1.33936578851082,103.720184382685
610399,1.3346654460572,103.720685511067
618494,1.32454068590991,103.720165890155
618593,1.32696553905699,103.724646631822
618616,1.33584294018235,103.72174825729
618617,1.33544840702894,103.719566214673
618640,1.32590631772822,103.724523370026
618720,1.3331903279661,103.723491055902
630991,1.33570859607444,103.692384325863
638350,1.33753395293831,103.692497391553
640207,1.34658609595354,103.713568363065
640221,1.34639604683977,103.712387709421
640239,1.34152624240492,103.710957140208
640262,1.34480139690531,103.707299106579
640403,1.35383921247336,103.721479705196
640406,1.35431435538399,103.722395940054
640409,1.35409792704061,103.725324736878
640455,1.35106549757433,103.718527806379
640459,1.35032904500392,103.720911817526
640465,1.35012595711313,103.723209579571
640490,1.34958659802717,103.727240365566
640502,1.35050127679181,103.718334683095
640511,1.34779267211314,103.71959110524
640515,1.3463037462855,103.720626370021
640541,1.35104299843383,103.715983002516
640610,1.33832454101485,103.700856213629
640627,1.34196774029869,103.698889712493
640642,1.34036989064657,103.695839832303
640717,1.34300945708877,103.697479925355
640750,1.34793710953534,103.699191895958
640756,1.34932675732112,103.700721842343
640837,1.34307732968771,103.692906031929
640949,1.34332966235335,103.69167853351
640976,1.34000730508584,103.693804703262
641275,1.35241293267711,103.702221239788
643648,1.33896761050208,103.697949800478
643667,1.34114842114912,103.702295748842
644276,1.35344766528144,103.704411153076
644660,1.33638400961294,103.703382722652
648135,1.34190096421275,103.700263646805
648141,1.34980792115604,103.708337146037
648200,1.33641298743234,103.69970173931
648782,1.35199600466777,103.701523005145
648965,1.33821088716936,103.69386868465
649188,1.3477109654722,103.700467520791
649368,1.35135367788105,103.71639179411
649848,1.33500720790366,103.706278743989
649882,1.34832780309846,103.711508559074
650108,1.34744385349941,103.746502064421
650118,1.35002281324818,103.746498297797
650148,1.34927162953551,103.74359094183
650159,1.34857537907686,103.742762133086
650165,1.34733680035748,103.741974925853
650180,1.34555899395756,103.742841777336
650206,1.34667192110032,103.749383475192
650225,1.34849607451431,103.752607744553
650241,1.35089523097055,103.754544469239
650247,1.34992721242157,103.75698028632
650291,1.34366766259088,103.75605170306
650293,1.34600531908149,103.755359110634
650318,1.36094741502687,103.747050643733
650338,1.36353416925063,103.750672676432
650373,1.35892457118178,103.750397174291
650415,1.36326877890118,103.746610701623
650419,1.36179959646874,103.746031517905
650438,1.35809190553563,103.739958236948
650443,1.3561417439145,103.737291779061
650446,1.35017339059587,103.739086387813
650447,1.35269613917058,103.739809933376
650460,1.35395376726395,103.739717096448
650463,1.35683551267825,103.741447348978
650501,1.35149318644467,103.75499812254
650626,1.35171974901975,103.749022783849
651296,1.34409358218354,103.746409176377
651395,1.36393821475024,103.751896006121
651463,1.35633162419305,103.742194589628
652451,1.35248381356888,103.743414725495
654288,1.34551241428561,103.75889748406
658065,1.33696595951765,103.759665187331
659003,1.36616711565267,103.746951747398
659163,1.34919098857585,103.740719208011
659206,1.3526303227142,103.749284031946
659554,1.34394552047156,103.753259176034
659591,1.34406317921979,103.749244096993
659839,1.35346842107271,103.741220066149
659919,1.35166029562859,103.756001926056
667971,1.36286208839026,103.763433915546
668111,1.37621690246552,103.758307306267
668947,1.3589055889182,103.761907582097
669173,1.35374311115721,103.759363426502
669569,1.35699658994472,103.763084766465
669682,1.37840341525974,103.759750970414
669723,1.36745302514019,103.763449995613
669898,1.35790244979157,103.759950720399
669949,1.35752685641825,103.758507313021
670167,1.37768707307101,103.765102401589
670183,1.37996382610558,103.763048293444
670217,1.37490881321342,103.773547829377
670226,1.3752365534347,103.772368439119
670256,1.37904775719987,103.772937478969
670402,1.38031226320182,103.768073595
670412,1.38289761651831,103.768275128592
670435,1.38603975530039,103.770196329443
670439,1.38304692121235,103.770464368939
670450,1.38452839749609,103.772431736418
670510,1.38758897243491,103.768982952421
670528,1.3850490809221,103.765543444591
670537,1.38372140816294,103.763127776187
670545,1.38159641650317,103.763496345482
670620,1.38585557555927,103.761737465896
670642,1.38712667134352,103.761960181682
670645,1.38876678784691,103.763383747539
670654,1.38784691893593,103.764249304524
671443,1.38146636369732,103.769766736479
671524,1.38529556252963,103.766170532051
672550,1.38959118621,103.76744702208
673636,1.3874345429217,103.75911857359
677725,1.38676223534087,103.772523384527
677742,1.38378546546228,103.760273432258
677743,1.37948804026655,103.764594965051
677781,1.37328302243363,103.772967398098
677899,1.38055127973087,103.760106974822
678278,1.37834972034942,103.76274117487
678295,1.37645075555464,103.770558802654
678541,1.35993292679051,103.768482869053
679043,1.36529828204937,103.769619552239
679331,1.36778358876186,103.768107426457
679675,1.373464884214,103.76750950535
679943,1.37814088359883,103.772732863586
679946,1.38917971808454,103.76639772288
680003,1.38247656452574,103.752527980381
680019,1.37939429441995,103.752949446949
680120,1.37884184875046,103.750340641074
680151,1.37841034566731,103.757250622283
680205,1.38092680230382,103.748559601544
680212,1.3824698614123,103.747347893013
680225,1.38109065348717,103.744889593727
680253,1.37743962648904,103.744383226772
680295,1.37816643554536,103.740967966102
680309,1.38512342911702,103.745743148924
680353,1.38213706651981,103.743397515205
680417,1.38296498350584,103.741578052416
680433,1.38489827735796,103.741651454193
680445,1.38170883113996,103.736662612875
680448,1.38013841525407,103.737337537627
680484,1.37647655750003,103.737135255628
680511,1.38932946700346,103.740872171249
680530,1.3926269274726,103.741798790047
680533,1.39206782341869,103.743102282335
680543,1.39402626918013,103.744121086614
680567,1.39513213185951,103.74587529176
680602,1.39724418317226,103.744501292642
680608,1.39846759584272,103.744645761889
680634,1.39660911377874,103.749729373216
680679,1.40248288767082,103.744473228702
680757,1.39284801770148,103.74591415814
680786,1.39508339823971,103.748349087563
680789,1.39587445047224,103.749162518106
680801,1.37504489335056,103.743531443413
680810,1.3740546176425,103.746160942106
680819,1.37516770596157,103.74972674844
681684,1.40400608389802,103.746767050296
682803,1.37381927100149,103.743367182453
683805,1.37268736243732,103.743618216079
683807,1.37615600248366,103.745821319559
684485,1.37519914641013,103.738966077649
684690,1.4019620367156,103.751987230663
688236,1.37527500765096,103.752407481466
688847,1.38261285339265,103.749937134969
689189,1.39356050497104,103.747362720939
689236,1.39059559281482,103.748024129362
689379,1.37929847482766,103.75918110327
689457,1.37723261157993,103.746730429408
689464,1.3770107540746,103.745605759232
689467,1.37682889281509,103.745054154263
689964,1.38857898362464,103.747234129678
690111,1.3561912992951,103.734114100714
690224,1.35789081335556,103.73034522915
690300,1.35941522167952,103.73788984525
690302,1.36095794799683,103.738605527288
690307,1.36112643481853,103.73679704994
690318,1.36319760161115,103.738804928362
691302,1.35994742763631,103.739162811642
691322,1.36220155032368,103.734278027239
692126,1.35895878155421,103.735644938947
692131,1.35634619889737,103.732858493426
692236,1.36085163912016,103.732448347154
692308,1.36098636019182,103.737747004718
730023,1.44153974863437,103.773299897996
730024,1.44150532367192,103.772131618917
730032,1.44337609766218,103.772918129019
730161,1.43333488963202,103.773674041501
730187,1.43749124516896,103.774903046769
730302,1.43151114650567,103.774428431771
730316,1.43150897103474,103.776361760175
730364,1.43407882459804,103.786743448762
730369,1.43343620706593,103.787422676205
730375,1.43198368054543,103.78231151896
730401,1.43044858018499,103.772774066417
730406,1.42940389596979,103.772728145323
730548,1.43044361849124,103.793804884379
730551,1.43314890940422,103.795209597611
730567,1.42801113602749,103.788742088987
730573,1.43109807246887,103.798507621177
730580,1.43058440482082,103.796276091664
730585,1.42941559914897,103.795399901185
730586,1.42861439008497,103.794717960696
730604,1.43713528912593,103.796372151079
730608,1.43621967714805,103.796496137894
730620,1.43342606168883,103.79885997735
730664,1.43619845734491,103.797798851368
730678,1.43998366608733,103.801293104268
730701,1.4418055748664,103.796073470156
730725,1.44435697271584,103.799119701865
730730,1.44250944568635,103.797703850444
730742,1.44392097347428,103.796032969959
730749,1.44451997381899,103.794445720357
730755,1.44529965098561,103.793269747402
730768,1.44571784134906,103.798166316676
730769,1.44729070675124,103.798950715823
730789,1.44333483396307,103.802378401908
730801,1.44168227966341,103.78598469604
730824,1.4392326838762,103.788699950515
730848,1.44178218752461,103.791758131626
730863,1.4403972427118,103.795020326652
731306,1.43004497651501,103.775115110423
731899,1.43613334620394,103.795264285267
732571,1.43013162811199,103.79064244746
732687,1.44188538567396,103.807161950468
732781,1.44931766463684,103.802205259574
733688,1.44340949146713,103.807302641497
733886,1.43773146039956,103.794135764157
734780,1.44811995933796,103.801945845172
734782,1.44817394200904,103.803035445933
735785,1.44679259535344,103.80548353376
737628,1.42468138298223,103.794743820819
737713,1.43475811538242,103.785365472646
737803,1.44700426493785,103.801889031334
737853,1.43494011882681,103.802910592969
737854,1.43502365592364,103.804760536879
737856,1.43809143188118,103.807119160141
738405,1.42850409120621,103.776280731648
738621,1.43583173604823,103.780638938678
738964,1.44556234107034,103.785607170127
739069,1.42749278954365,103.792240767626
739147,1.44503161459716,103.777388965296
750101,1.45139998591606,103.830859953414
750105,1.44885564679911,103.832409172149
750109,1.4486176779133,103.829730630675
750132,1.44340777310418,103.830807359933
750331,1.44752926111601,103.816660875725
750333,1.44699020882626,103.816416175536
750355,1.44954485621129,103.81872759237
750365,1.44436832551494,103.816263881257
750373,1.44195724167154,103.822220902967
750406,1.45290995380283,103.816972975834
750413,1.45172077420079,103.817832291936
750462,1.45445319201857,103.814035193265
750480,1.45220212566522,103.815168664829
750487,1.45545241379364,103.816118262593
750491,1.45611278902566,103.817716592062
751504,1.4512965609628,103.824120161439
751507,1.4527308013707,103.823966895951
752101,1.45166310353079,103.831174909166
752115,1.44631122878781,103.829416902418
752501,1.45218571290718,103.821369887884
753350,1.44996054030355,103.82038215131
753468,1.45030915760096,103.814877754821
753592,1.45093931289388,103.828070545183
756973,1.44886944289896,103.822696537456
757022,1.44195844780367,103.81789398539
757046,1.44252598174629,103.817216047195
757087,1.44477273200993,103.812740484665
757088,1.44408021283692,103.813888859199
757089,1.44454639661409,103.813838479838
757438,1.46213400477303,103.815790897288
757702,1.45168517614776,103.822516208087
757715,1.4457453096024,103.821152676215
758440,1.4394268166983,103.82459755139
758459,1.44175296834191,103.82479165671
758467,1.45026233556384,103.828389963202
759130,1.4259064181226,103.823772312405
759218,1.42818814939748,103.82482961968
759791,1.45624875351641,103.829596621487
760107,1.43221807625653,103.827520202898
760142,1.43076164851345,103.830480899054
760173,1.43706628176725,103.831120689838
760223,1.43436727337775,103.835602685564
760235,1.43434861486562,103.838614083114
760270,1.43742134407842,103.839982454823
760277,1.4379184368119,103.836994609459
760312,1.43158235383889,103.8412806199
760366,1.428839245144,103.845809916163
760367,1.42959194827855,103.845121454277
760378,1.44220304612423,103.829019210407
760383,1.43111395058926,103.847592281951
760388,1.42916343658276,103.8470114507
760408,1.42625360262732,103.848427509202
760411,1.4255989078876,103.847313932227
760476,1.42812110376815,103.853081310727
760478,1.42939025205716,103.850709781984
760482,1.43172898326772,103.849212545971
760512,1.41481827393275,103.841250663012
760513,1.41600486949205,103.844251717032
760612,1.42036475237606,103.835413304775
760626,1.41749366890869,103.835749017424
760646,1.42211202762471,103.837491394098
760662,1.42053932360735,103.840690129891
760671,1.4191911631409,103.841581271297
760676,1.42162829335003,103.841810408056
760703,1.42958489778701,103.828851112708
760716,1.42621096565013,103.827704108295
760723,1.4259620249781,103.829779474265
760737,1.42897509455019,103.832444558449
760760,1.42579485526292,103.832724670537
760849,1.4169831658118,103.835218177871
760875,1.41476320431294,103.836287031325
760879,1.41450211129727,103.835974001874
760925,1.42823085122583,103.837450252524
760936,1.423817051136,103.835571212761
761348,1.42735307116966,103.841219186625
761430,1.42141169839315,103.848563748746
761796,1.41935682508942,103.833073425299
762115,1.43344153477202,103.827060237241
762471,1.42623454415224,103.852433796182
762509,1.41379975962339,103.840131905186
763315,1.43236735703997,103.843300870773
763502,1.41732309701441,103.841554200042
764333,1.43214010666274,103.846141273427
768019,1.42875460572994,103.836324536111
768024,1.4237674572872,103.837242211173
768090,1.43678096741344,103.843618912685
768159,1.43625253850615,103.843001218512
768443,1.44124434372684,103.825619949965
768698,1.41795288501536,103.841268831617
768893,1.43077105514902,103.83859822357
768960,1.42745159462566,103.848378442893
769027,1.42415525542106,103.8409701987
769028,1.41590195697649,103.839100590207
769162,1.41559070288068,103.847334153673
769372,1.43902187465443,103.828050229606
769922,1.43724977049712,103.827428860254
786015,1.40393859107231,103.818849957935
787013,1.40319220560052,103.818977530136
787087,1.37858688579208,103.830341460725
787472,1.38360084678402,103.826021995569
787502,1.38714165635526,103.829170506669
788887,1.38550907050444,103.83456993327
790402,1.38830347916489,103.871173506409
790439,1.39219166111486,103.877586602122
790443,1.39172886962901,103.874073895273
790465,1.39814678014706,103.876538391161
791409,1.38901641991439,103.877155396166
791415,1.38900620596043,103.879367596607
791416,1.39061195455357,103.879963568325
792469,1.39585256390138,103.877684905205
793472,1.39631551842338,103.881167324822
794430,1.3948267807044,103.878003319945
794436,1.3921787440658,103.876627568951
797383,1.39057625467062,103.87294634443
797391,1.39843523283245,103.875125002531
797538,1.39726966050479,103.880330305684
797621,1.39307518516014,103.873929155036
797636,1.3925400930811,103.874984869551
797637,1.39638961318515,103.875132778517
797701,1.39030227963797,103.874445458032
805939,1.38910776140252,103.863907555864
805960,1.38716527587026,103.870391672295
806011,1.39004530088896,103.860607344073
806014,1.39023364926683,103.860061544531
806787,1.38059961838824,103.867423838339
807381,1.38449809221524,103.865268104636
819663,1.35622640396404,103.986102024462
820119,1.39545322523501,103.906514521147
820121,1.39368219385611,103.908299456765
820166,1.39497562403015,103.915467420736
820183,1.39881003085177,103.909845612504
820192,1.39977092552222,103.90951433139
820198,1.39946295698553,103.906402433518
820218,1.40322712524584,103.89538702242
820222,1.40111268213054,103.894269098915
820228,1.40332247370537,103.892035446143
820326,1.4131435246967,103.899526903601
820402,1.41449614738584,103.900347229259
820407,1.41675822948163,103.902077462626
820670,1.40582242673251,103.913245791017
820681,1.40287845827053,103.913195741417
821126,1.39410054093191,103.911356171377
821209,1.39973067460365,103.900732056743
821211,1.40175984290477,103.899944356053
821232,1.40218146470722,103.891041190731
821267,1.40455909402432,103.897504889615
821271,1.40374539652235,103.900318867807
821303,1.40377788597736,103.90576220718
821306,1.40609259284716,103.905395309677
821314,1.40826187839775,103.898017940475
821659,1.40057277879052,103.919657048683
821663,1.40024347553794,103.917080046799
821665,1.4022827275187,103.913637732874
821673,1.40667672210889,103.911613297113
821678,1.40566213236302,103.908718985826
822274,1.40311626293288,103.90228736359
822308,1.40776678175669,103.89887868051
822409,1.41758014529069,103.902672012959
822422,1.4198034954577,103.905195322462
822423,1.41903834551696,103.906324283634
822433,1.41680516005673,103.910100613216
822615,1.40374587144445,103.909882888515
822621,1.40135243165219,103.910103846013
822655,1.39879006887636,103.921078295938
822661,1.40248564833205,103.916751438225
822676,1.40481059599871,103.91027810068
823195,1.40109207064583,103.906831163698
823312,1.41090728064356,103.901186089898
823654,1.39807316138364,103.920318685516
824105,1.39717530594813,103.905229595049
824107,1.39623803491797,103.908007315128
824168,1.39374676309818,103.914001608784
824173,1.39600799204919,103.910764686722
824174,1.39749399878583,103.90998737562
828671,1.41842322079348,103.905147201163
828728,1.40744168163777,103.898762173662
828761,1.40653611690554,103.90198817171
828772,1.40172590450528,103.898794262307
828803,1.40717643218,103.904437061575
828819,1.399550034492,103.913404855665
828845,1.40505250226058,103.905299026568
828848,1.39648195114256,103.91233462071
828850,1.40091489304669,103.909592618758
829498,1.41926994858505,103.909059794533
829646,1.4155820959501,103.905606111142
829910,1.41516149721594,103.90864932876
829913,1.41477353217636,103.910614296488
069538,1.28080521282566,103.848667650702
090029,1.27369223572499,103.821113774307
117684,1.28850160934465,103.779543359342
120319,1.31738024777586,103.764787030207
128531,1.30524450818584,103.765033695544
129880,1.31881519469651,103.768153682089
142059,1.29318965357037,103.811252591644
142095,1.29608900588749,103.811942985939
189655,1.2994633317348,103.851185941153
200633,1.30570669675965,103.854943251549
228218,1.30788492696723,103.83273062786
238308,1.29457187247184,103.842052025989
238879,1.30744253289071,103.828776671636
248963,1.29661103498164,103.829094842599
258297,1.31877986104347,103.826840505348
269782,1.32839865213651,103.80226974143
278803,1.31692786307151,103.78322115175
307965,1.31675908619935,103.841125999477
310232,1.3375718690811,103.858843935428
319641,1.33409621301185,103.846450572102
329022,1.32505522536131,103.865178186819
329762,1.32389123551838,103.85199484154
340113,1.33525150016811,103.872943178739
342119,1.3366285763793,103.874162003453
359826,1.34255471804221,103.862271391697
368242,1.33372210930312,103.887530827719
380021,1.31426500436391,103.873868757171
387621,1.32664424544839,103.882227964852
399974,1.30904652197613,103.880007592573
408564,1.32633267352996,103.896016564711
408942,1.32426750488504,103.892768606719
424336,1.31118408612062,103.90576122478
426165,1.31651795861557,103.906048684699
436788,1.30759967857289,103.893018127383
439738,1.30591013597625,103.89520395725
448910,1.30738621962122,103.925260000823
460001,1.32085208689731,103.933721091441
460159,1.31904563538918,103.945624497023
460215,1.32607594879214,103.933497473796
463222,1.3241279645869,103.9280621579
469004,1.32261602916532,103.920965883003
470775,1.33655001322406,103.935821972335
489480,1.3378426811095,103.954981727443
510104,1.36795278031259,103.958702645232
510568,1.36874938280848,103.948912804889
510775,1.37406386711662,103.937049592242
513530,1.37162618163211,103.9501138634
520165,1.34555137331279,103.958973397945
520205,1.35171765014011,103.951963085466
520233,1.34416651738392,103.956338326958
520473,1.35934963172793,103.953269398068
520713,1.35924098095519,103.937646641338
520725,1.35698450686671,103.935334502197
521882,1.35204684938015,103.933462049385
528888,1.34455327244556,103.943562468139
528906,1.34787074766746,103.939221709073
530202,1.35754686861981,103.883962381949
533987,1.37932814617762,103.877789199364
536668,1.37067048377671,103.897529177951
537416,1.35679797470917,103.88624858361
539643,1.35652150581016,103.881586042582
540339,1.39679315311901,103.888437344772
542327,1.39564692396471,103.888633285424
544914,1.35487036831584,103.877954895052
546934,1.36391639149308,103.876129842722
550141,1.36859420920975,103.874523249204
550264,1.35246731376429,103.87210276228
556770,1.357238480282,103.867837340108
560227,1.36877838877909,103.840273944362
560601,1.38104134784496,103.835131744823
560611,1.37829205175133,103.83725190016
570140,1.34481148576572,103.853093259973
570171,1.34678777068608,103.853709975879
577178,1.3484243232319,103.841569037581
578527,1.35227971713243,103.845904955322
597071,1.32355286918436,103.767515486547
598754,1.339893832862,103.76661001834
600208,1.33843639629876,103.742666857372
600271,1.34168199586003,103.746245539012
610333,1.33927933228555,103.723441613129
636741,1.35333844629944,103.691586998434
638270,1.33762992307565,103.690580374817
640518,1.34508680809242,103.717978488016
640635,1.34279328774637,103.698397020217
640641,1.34066465502993,103.696345743929
641671,1.34404660790141,103.702361146078
649332,1.34686967259067,103.721559387203
650215,1.34677496682495,103.753335942926
650461,1.35461320218048,103.739721653959
668693,1.35833342079656,103.759452285032
670254,1.37959332197523,103.773854602463
671455,1.38756735660532,103.771212191778
671546,1.38852628729508,103.77035294286
680010,1.38047054647235,103.755211077169
680411,1.38105979818198,103.741260167797
680427,1.38088418626698,103.73976352968
680612,1.40000866051722,103.744352713589
680707,1.39061452032511,103.747155528207
689762,1.38143123987698,103.747153671
690244,1.36124936782177,103.728967966545
730171,1.43397497861501,103.776526806695
730677,1.43938615079437,103.801706472939
730851,1.44012390914552,103.792357934514
731628,1.43497477389557,103.800850684514
738375,1.42868073155416,103.778568650993
750303,1.44468992379986,103.822441620312
753503,1.4505380366564,103.82294129946
760239,1.43364273451288,103.839634571008
760446,1.42303228780099,103.845159830926
760464,1.42679893325725,103.850691186446
760781,1.42218596283389,103.832359637226
760865,1.41426758730393,103.838259938154
768857,1.42697284512936,103.844240226564
787149,1.38125622942809,103.832416693867
790460,1.3942609344157,103.869618891317
809045,1.3834407291726,103.875489703255
820413,1.41641181359186,103.899858484155
821410,1.41772205765632,103.905786514808
822208,1.40136154264137,103.901127196589
828629,1.4086677649755,103.905220612757
828716,1.40507184758584,103.911200193835
828802,1.39889261226315,103.918585924582
150106,1.28942607947152,103.822276781927
160054,1.28743429136508,103.84123302078
299574,1.32368114198446,103.814605470434
359338,1.33009448066717,103.866554182579
521519,1.35727594461393,103.940381600354
530176,1.34860534483955,103.889138404551
530508,1.37169361288918,103.887728568475
560301,1.36742111677854,103.845903592172
608521,1.33153174119519,103.74525174092
648368,1.33917519796104,103.698803732244
680161,1.38012990422531,103.758203987241
750330,1.44680507021155,103.817811633323
757622,1.45732867302094,103.814075611175
758407,1.43703056397987,103.825927427623
000000,,
640991,,
